,,,,,,,,,,,,,,White Board,,,,,,,,,,,,,,,,,,,,,,,,
,,,,,,,,Stage,,,,,,,,,,,,,,,,,,,,,,,,,,,,,,
,,,,,,,,,,,,,,,,,,,,,,,,,,,,,,,,,,,,,,
,,,,,,,,,,,,,,,,,,,,,,,,,,,,,,,,,,,,,,
,,,,,,,,V,V,V,V,V,V,GAP,,,V,V,V,V,V,V,V,,,,V,V,V,V,V,V,,,,,,
,,,,,,,,,,,,,,,,,,,,,,,,,,,,,,,,,,,,,,
,,,,,,,V,V,V,V,V,V,V,,,,V,V,V,V,V,V,V,,,,V,V,V,V,V,V,V,,,,,
,,,,,,,,,,,,,,,,,,,,,,,,,,,,,,,,,,,,,,
,,,,,,V,V,V,V,V,V,V,V,,,,V,V,V,V,V,V,V,,,,V,V,V,V,V,V,V,,,,,
,,,,,GAP,,,,,,,,,,,,,,,,,,,,,GAP,,,,,,,,GAP,,,,
,,,,,,V,V,V,V,V,V,V,V,,,,V,V,V,V,V,V,V,V,,,V,V,V,V,V,V,V,,,,,
Entry,,,,,,,,,,,,,,,,,,,,,,,,,,,,,,,,,,,,,Entry,
,,,,,V,V,V,V,V,V,V,V,V,,,,V,V,V,V,V,V,V,V,,,V,V,V,V,V,V,V,V,V,,,
,,,,,,,,,,,,,,,,,,,,,,,,,,,,,,,,,,,,,,
,,,,,V,V,V,V,V,V,V,V,V,,,V,V,V,V,V,V,V,V,V,,,V,V,V,V,V,V,V,V,V,,,
,,,,,,,,,,,,,,,,,,,,,,,,,,,,,,,,,,,,,,
Entry,,,,V,V,V,V,V,V,V,V,V,V,,,V,V,V,V,V,V,V,V,V,,,V,V,V,V,V,V,V,V,,,Entry,
,,,,,,,,,,,,,,,,,,,,,,,,,,,,,,,,,,,,,,
,,,,,,,GAP,,,,,,,,,,,,,GAP,,,,,,,,,,,,GAP,,,,,,
,,V,V,V,V,V,V,V,V,V,V,V,,,,V,V,V,V,V,V,V,V,V,,,V,V,V,V,V,V,V,V,V,V,V,
,,,,,,,,,,,,,,,,,,,,,,,,,,,,,,,,,,,,,,
,,V,V,V,V,V,V,V,V,V,V,V,,,V,V,V,V,V,V,V,V,V,V,V,,V,V,V,V,V,V,V,V,V,V,V,
,,,,,,,,,,,,,,,,,,,,,,,,,,,,,,,,,,,,,,
,,V,V,V,V,V,V,V,V,V,V,V,V,,V,V,V,V,V,V,V,V,V,V,V,,V,V,V,V,V,V,V,V,V,V,V,V
,,,,,,,,,,,,,,,,,,,,,,,,,,,,,,,,,,,,,,
,,V,V,V,V,V,V,V,V,V,V,V,V,,V,V,V,V,V,V,V,V,,,,,V,V,V,V,V,V,V,V,V,V,V,V
,,,,,,,,,,,,,,,,,,,,,,,,,,,,,,,,,,,,,,
,,,,,,,,,,,,,,,,,,,,,,,,,,,,,,,,,,,,,,
,,,,,,,,,Total Capacity 325,,,,,,,,,,,,,,,,,,,,,,,,,,,,,